insert into public.states (id, code, name)
values
  ('11111111-1111-1111-1111-111111111111', 'IL', 'Illinois'),
  ('22222222-2222-2222-2222-222222222222', 'CA', 'California'),
  ('33333333-3333-3333-3333-333333333333', 'CO', 'Colorado'),
  ('44444444-4444-4444-4444-444444444444', 'NY', 'New York'),
  ('55555555-5555-5555-5555-555555555555', 'TX', 'Texas'),
  ('66666666-6666-6666-6666-666666666666', 'WA', 'Washington'),
  ('00000000-0000-0000-0000-000000000007', 'AL', 'Alabama'),
  ('00000000-0000-0000-0000-000000000008', 'AK', 'Alaska'),
  ('00000000-0000-0000-0000-000000000009', 'AZ', 'Arizona'),
  ('00000000-0000-0000-0000-000000000010', 'AR', 'Arkansas'),
  ('00000000-0000-0000-0000-000000000011', 'CT', 'Connecticut'),
  ('00000000-0000-0000-0000-000000000012', 'DE', 'Delaware'),
  ('00000000-0000-0000-0000-000000000013', 'FL', 'Florida'),
  ('00000000-0000-0000-0000-000000000014', 'GA', 'Georgia'),
  ('00000000-0000-0000-0000-000000000015', 'HI', 'Hawaii'),
  ('00000000-0000-0000-0000-000000000016', 'ID', 'Idaho'),
  ('00000000-0000-0000-0000-000000000017', 'IN', 'Indiana'),
  ('00000000-0000-0000-0000-000000000018', 'IA', 'Iowa'),
  ('00000000-0000-0000-0000-000000000019', 'KS', 'Kansas'),
  ('00000000-0000-0000-0000-000000000020', 'KY', 'Kentucky'),
  ('00000000-0000-0000-0000-000000000021', 'LA', 'Louisiana'),
  ('00000000-0000-0000-0000-000000000022', 'ME', 'Maine'),
  ('00000000-0000-0000-0000-000000000023', 'MD', 'Maryland'),
  ('00000000-0000-0000-0000-000000000024', 'MA', 'Massachusetts'),
  ('00000000-0000-0000-0000-000000000025', 'MI', 'Michigan'),
  ('00000000-0000-0000-0000-000000000026', 'MN', 'Minnesota'),
  ('00000000-0000-0000-0000-000000000027', 'MS', 'Mississippi'),
  ('00000000-0000-0000-0000-000000000028', 'MO', 'Missouri'),
  ('00000000-0000-0000-0000-000000000029', 'MT', 'Montana'),
  ('00000000-0000-0000-0000-000000000030', 'NE', 'Nebraska'),
  ('00000000-0000-0000-0000-000000000031', 'NV', 'Nevada'),
  ('00000000-0000-0000-0000-000000000032', 'NH', 'New Hampshire'),
  ('00000000-0000-0000-0000-000000000033', 'NJ', 'New Jersey'),
  ('00000000-0000-0000-0000-000000000034', 'NM', 'New Mexico'),
  ('00000000-0000-0000-0000-000000000035', 'NC', 'North Carolina'),
  ('00000000-0000-0000-0000-000000000036', 'ND', 'North Dakota'),
  ('00000000-0000-0000-0000-000000000037', 'OH', 'Ohio'),
  ('00000000-0000-0000-0000-000000000038', 'OK', 'Oklahoma'),
  ('00000000-0000-0000-0000-000000000039', 'OR', 'Oregon'),
  ('00000000-0000-0000-0000-000000000040', 'PA', 'Pennsylvania'),
  ('00000000-0000-0000-0000-000000000041', 'RI', 'Rhode Island'),
  ('00000000-0000-0000-0000-000000000042', 'SC', 'South Carolina'),
  ('00000000-0000-0000-0000-000000000043', 'SD', 'South Dakota'),
  ('00000000-0000-0000-0000-000000000044', 'TN', 'Tennessee'),
  ('00000000-0000-0000-0000-000000000045', 'UT', 'Utah'),
  ('00000000-0000-0000-0000-000000000046', 'VT', 'Vermont'),
  ('00000000-0000-0000-0000-000000000047', 'VA', 'Virginia'),
  ('00000000-0000-0000-0000-000000000048', 'WV', 'West Virginia'),
  ('00000000-0000-0000-0000-000000000049', 'WI', 'Wisconsin'),
  ('00000000-0000-0000-0000-000000000050', 'WY', 'Wyoming')
on conflict (id) do update
  set code = excluded.code,
      name = excluded.name;

insert into public.quest_categories (id, slug, name, color_token)
values
  ('aaaaaaaa-aaaa-aaaa-aaaa-aaaaaaaaaaa1', 'coffee', 'Coffee Run', 'amber'),
  ('aaaaaaaa-aaaa-aaaa-aaaa-aaaaaaaaaaa2', 'landmark', 'Landmark Hunt', 'sky'),
  ('aaaaaaaa-aaaa-aaaa-aaaa-aaaaaaaaaaa3', 'food', 'Flavor Mission', 'rose'),
  ('aaaaaaaa-aaaa-aaaa-aaaa-aaaaaaaaaaa4', 'art', 'Art Trail', 'violet'),
  ('aaaaaaaa-aaaa-aaaa-aaaa-aaaaaaaaaaa5', 'outdoors', 'Fresh Air', 'emerald')
on conflict (id) do update
  set slug = excluded.slug,
      name = excluded.name,
      color_token = excluded.color_token;

insert into public.sponsor_businesses (
  id,
  name,
  description,
  website,
  logo_url,
  email,
  phone,
  is_active
)
values
  (
    'bbbbbbbb-bbbb-bbbb-bbbb-bbbbbbbbbbb1',
    'North Star Roasters',
    'A design-forward neighborhood coffee bar supporting city explorers with sponsor-backed XP boosts.',
    'https://northstarroasters.example',
    'https://images.unsplash.com/photo-1445116572660-236099ec97a0?auto=format&fit=crop&w=800&q=80',
    'partners@northstarroasters.example',
    '312-555-0142',
    true
  ),
  (
    'bbbbbbbb-bbbb-bbbb-bbbb-bbbbbbbbbbb2',
    'Skyline Arcade Hall',
    'Retro meets neon with weekly sponsor missions, collectible drops, and leaderboard tie-ins.',
    'https://skylinearcade.example',
    'https://images.unsplash.com/photo-1511512578047-dfb367046420?auto=format&fit=crop&w=800&q=80',
    'hello@skylinearcade.example',
    '773-555-0193',
    true
  )
on conflict (id) do update
  set name = excluded.name,
      description = excluded.description,
      website = excluded.website,
      logo_url = excluded.logo_url,
      email = excluded.email,
      phone = excluded.phone,
      is_active = excluded.is_active,
      updated_at = timezone('utc', now());

insert into public.places (
  id,
  external_source,
  external_id,
  name,
  description,
  place_type,
  latitude,
  longitude,
  address,
  city,
  state_id,
  state_code,
  rating,
  review_count,
  website,
  phone,
  image_url,
  price_level,
  is_publicly_visitable,
  is_active,
  source_metadata
)
values
  (
    'aaaaaaa0-aaaa-aaaa-aaaa-aaaaaaaaaaa1',
    'internal_seed',
    'cloud-gate',
    'Cloud Gate',
    'An iconic public landmark that works well for sunrise or skyline quests.',
    'landmark',
    41.882657,
    -87.623304,
    '201 E Randolph St',
    'Chicago',
    '11111111-1111-1111-1111-111111111111',
    'IL',
    4.8,
    18000,
    'https://www.choosechicago.com',
    null,
    'https://images.unsplash.com/photo-1477414348463-c0eb7f1359b6?auto=format&fit=crop&w=900&q=80',
    null,
    true,
    true,
    '{"seed":true,"placeType":"landmark"}'::jsonb
  ),
  (
    'aaaaaaa0-aaaa-aaaa-aaaa-aaaaaaaaaaa2',
    'internal_seed',
    'north-star-roasters',
    'North Star Roasters',
    'A neighborhood coffee stop with a design-forward interior and sponsor energy.',
    'cafe',
    41.8894,
    -87.6276,
    '24 W Madison St',
    'Chicago',
    '11111111-1111-1111-1111-111111111111',
    'IL',
    4.7,
    920,
    'https://northstarroasters.example',
    '312-555-0142',
    'https://images.unsplash.com/photo-1442512595331-e89e73853f31?auto=format&fit=crop&w=900&q=80',
    2,
    true,
    true,
    '{"seed":true,"sponsorBacked":true}'::jsonb
  ),
  (
    'aaaaaaa0-aaaa-aaaa-aaaa-aaaaaaaaaaa3',
    'internal_seed',
    'wabash-wall-art',
    'Wabash Wall Art',
    'A colorful mural stretch that rewards slow wandering and photo mode.',
    'mural',
    41.8748,
    -87.6252,
    'Wabash Ave',
    'Chicago',
    '11111111-1111-1111-1111-111111111111',
    'IL',
    4.6,
    410,
    null,
    null,
    'https://images.unsplash.com/photo-1529429617124-aee711a5ac1c?auto=format&fit=crop&w=900&q=80',
    null,
    true,
    true,
    '{"seed":true,"placeType":"art"}'::jsonb
  ),
  (
    'aaaaaaa0-aaaa-aaaa-aaaa-aaaaaaaaaaa4',
    'internal_seed',
    'grant-park',
    'Grant Park',
    'A public green space that works for outdoor loops and easy discovery missions.',
    'park',
    41.8758,
    -87.6195,
    '337 E Randolph St',
    'Chicago',
    '11111111-1111-1111-1111-111111111111',
    'IL',
    4.9,
    22000,
    'https://www.choosechicago.com',
    null,
    'https://images.unsplash.com/photo-1500530855697-b586d89ba3ee?auto=format&fit=crop&w=900&q=80',
    null,
    true,
    true,
    '{"seed":true,"placeType":"outdoors"}'::jsonb
  ),
  (
    'aaaaaaa0-aaaa-aaaa-aaaa-aaaaaaaaaaa5',
    'internal_seed',
    'chicago-theatre',
    'Chicago Theatre',
    'A marquee landmark that feels best as an evening route stop.',
    'theatre',
    41.8855,
    -87.6272,
    '175 N State St',
    'Chicago',
    '11111111-1111-1111-1111-111111111111',
    'IL',
    4.8,
    15000,
    'https://www.chicago-theatre.com',
    '312-462-6300',
    'https://images.unsplash.com/photo-1514924013411-cbf25faa35bb?auto=format&fit=crop&w=900&q=80',
    3,
    true,
    true,
    '{"seed":true,"placeType":"landmark"}'::jsonb
  ),
  (
    'aaaaaaa0-aaaa-aaaa-aaaa-aaaaaaaaaaa6',
    'internal_seed',
    'navy-pier',
    'Navy Pier',
    'A big public attraction for long-form exploration and photo-heavy routes.',
    'attraction',
    41.8917,
    -87.6078,
    '600 E Grand Ave',
    'Chicago',
    '11111111-1111-1111-1111-111111111111',
    'IL',
    4.7,
    30000,
    'https://navypier.org',
    '312-595-7437',
    'https://images.unsplash.com/photo-1508057198894-247b23fe5ade?auto=format&fit=crop&w=900&q=80',
    2,
    true,
    true,
    '{"seed":true,"placeType":"entertainment"}'::jsonb
  )
on conflict (id) do update
  set external_source = excluded.external_source,
      external_id = excluded.external_id,
      name = excluded.name,
      description = excluded.description,
      place_type = excluded.place_type,
      latitude = excluded.latitude,
      longitude = excluded.longitude,
      address = excluded.address,
      city = excluded.city,
      state_id = excluded.state_id,
      state_code = excluded.state_code,
      rating = excluded.rating,
      review_count = excluded.review_count,
      website = excluded.website,
      phone = excluded.phone,
      image_url = excluded.image_url,
      price_level = excluded.price_level,
      is_publicly_visitable = excluded.is_publicly_visitable,
      is_active = excluded.is_active,
      source_metadata = excluded.source_metadata,
      updated_at = timezone('utc', now());

insert into public.quests (
  id,
  title,
  description,
  category_id,
  rarity,
  state_id,
  latitude,
  longitude,
  radius_meters,
  xp_reward,
  image_url,
  is_active,
  is_sponsored,
  sponsor_business_id,
  discovery_type,
  is_featured
)
values
  (
    'cccccccc-cccc-cccc-cccc-ccccccccccc1',
    'Sunrise at the Bean',
    'Catch the early light at Cloud Gate, snap the skyline, and start your route with a landmark check-in.',
    'aaaaaaaa-aaaa-aaaa-aaaa-aaaaaaaaaaa2',
    'rare',
    '11111111-1111-1111-1111-111111111111',
    41.882657,
    -87.623304,
    120,
    180,
    'https://images.unsplash.com/photo-1477414348463-c0eb7f1359b6?auto=format&fit=crop&w=900&q=80',
    true,
    false,
    null,
    'featured_route',
    true
  ),
  (
    'cccccccc-cccc-cccc-cccc-ccccccccccc2',
    'North Star Signature Sip',
    'Claim the sponsor quest, walk into North Star Roasters, and complete a featured drink mission for bonus XP.',
    'aaaaaaaa-aaaa-aaaa-aaaa-aaaaaaaaaaa1',
    'epic',
    '11111111-1111-1111-1111-111111111111',
    41.8894,
    -87.6276,
    90,
    240,
    'https://images.unsplash.com/photo-1509042239860-f550ce710b93?auto=format&fit=crop&w=900&q=80',
    true,
    true,
    'bbbbbbbb-bbbb-bbbb-bbbb-bbbbbbbbbbb1',
    'popular',
    true
  ),
  (
    'cccccccc-cccc-cccc-cccc-ccccccccccc3',
    'Riverwalk Flavor Loop',
    'Follow the Chicago Riverwalk, check in near the food hall, and log your favorite bite from the route.',
    'aaaaaaaa-aaaa-aaaa-aaaa-aaaaaaaaaaa3',
    'common',
    '11111111-1111-1111-1111-111111111111',
    41.8881,
    -87.6255,
    140,
    120,
    'https://images.unsplash.com/photo-1514933651103-005eec06c04b?auto=format&fit=crop&w=900&q=80',
    true,
    false,
    null,
    'popular',
    false
  ),
  (
    'cccccccc-cccc-cccc-cccc-ccccccccccc4',
    'Murals of Wabash',
    'Explore the South Loop wall art stretch, check in by the mural district, and leave a quick field review.',
    'aaaaaaaa-aaaa-aaaa-aaaa-aaaaaaaaaaa4',
    'rare',
    '11111111-1111-1111-1111-111111111111',
    41.8748,
    -87.6252,
    130,
    190,
    'https://images.unsplash.com/photo-1529429617124-aee711a5ac1c?auto=format&fit=crop&w=900&q=80',
    true,
    false,
    null,
    'hidden_gem',
    false
  ),
  (
    'cccccccc-cccc-cccc-cccc-ccccccccccc5',
    'Grant Park Lap',
    'Hit the park loop, check in near Buckingham Fountain, and bank a clean outdoor XP burst.',
    'aaaaaaaa-aaaa-aaaa-aaaa-aaaaaaaaaaa5',
    'common',
    '11111111-1111-1111-1111-111111111111',
    41.8758,
    -87.6195,
    160,
    110,
    'https://images.unsplash.com/photo-1500530855697-b586d89ba3ee?auto=format&fit=crop&w=900&q=80',
    true,
    false,
    null,
    'popular',
    false
  ),
  (
    'cccccccc-cccc-cccc-cccc-ccccccccccc6',
    'Skyline Arcade Combo Run',
    'A sponsor-backed evening mission with an arcade stop, score chase energy, and a collectible badge teaser.',
    'aaaaaaaa-aaaa-aaaa-aaaa-aaaaaaaaaaa2',
    'legendary',
    '11111111-1111-1111-1111-111111111111',
    41.8924,
    -87.6341,
    100,
    320,
    'https://images.unsplash.com/photo-1511882150382-421056c89033?auto=format&fit=crop&w=900&q=80',
    true,
    true,
    'bbbbbbbb-bbbb-bbbb-bbbb-bbbbbbbbbbb2',
    'featured_route',
    true
  ),
  (
    'cccccccc-cccc-cccc-cccc-ccccccccccc7',
    'Old Water Tower Snap',
    'Visit the historic tower, check in close enough for the radius gate, and add it to your discovery streak.',
    'aaaaaaaa-aaaa-aaaa-aaaa-aaaaaaaaaaa2',
    'common',
    '11111111-1111-1111-1111-111111111111',
    41.8971,
    -87.6241,
    110,
    95,
    'https://images.unsplash.com/photo-1494526585095-c41746248156?auto=format&fit=crop&w=900&q=80',
    true,
    false,
    null,
    'hidden_gem',
    false
  ),
  (
    'cccccccc-cccc-cccc-cccc-ccccccccccc8',
    'Lincoln Park Chill Route',
    'Walk the edge of the park, earn steady XP, and complete an easy outdoor loop with a scenic review prompt.',
    'aaaaaaaa-aaaa-aaaa-aaaa-aaaaaaaaaaa5',
    'rare',
    '11111111-1111-1111-1111-111111111111',
    41.9214,
    -87.6336,
    180,
    170,
    'https://images.unsplash.com/photo-1465156799763-2c087c332922?auto=format&fit=crop&w=900&q=80',
    true,
    false,
    null,
    'popular',
    false
  ),
  (
    'cccccccc-cccc-cccc-cccc-ccccccccccc9',
    'Chicago Theatre Marquee',
    'Check in under the marquee, finish the mission, and log why this stop deserves a return visit.',
    'aaaaaaaa-aaaa-aaaa-aaaa-aaaaaaaaaaa4',
    'epic',
    '11111111-1111-1111-1111-111111111111',
    41.8855,
    -87.6272,
    105,
    230,
    'https://images.unsplash.com/photo-1514924013411-cbf25faa35bb?auto=format&fit=crop&w=900&q=80',
    true,
    false,
    null,
    'featured_route',
    false
  ),
  (
    'cccccccc-cccc-cccc-cccc-cccccccccc10',
    'Navy Pier Night Pulse',
    'Close out the route at the pier with a check-in challenge and a high-visibility city lights completion.',
    'aaaaaaaa-aaaa-aaaa-aaaa-aaaaaaaaaaa3',
    'legendary',
    '11111111-1111-1111-1111-111111111111',
    41.8917,
    -87.6078,
    130,
    340,
    'https://images.unsplash.com/photo-1508057198894-247b23fe5ade?auto=format&fit=crop&w=900&q=80',
    true,
    false,
    null,
    'popular',
    true
  )
on conflict (id) do update
  set title = excluded.title,
      description = excluded.description,
      category_id = excluded.category_id,
      rarity = excluded.rarity,
      state_id = excluded.state_id,
      latitude = excluded.latitude,
      longitude = excluded.longitude,
      radius_meters = excluded.radius_meters,
      xp_reward = excluded.xp_reward,
      image_url = excluded.image_url,
      is_active = excluded.is_active,
      is_sponsored = excluded.is_sponsored,
      sponsor_business_id = excluded.sponsor_business_id,
      discovery_type = excluded.discovery_type,
      is_featured = excluded.is_featured,
      updated_at = timezone('utc', now());

insert into public.quest_candidates (
  id,
  place_id,
  title,
  description,
  suggested_category_id,
  suggested_rarity,
  suggested_xp_reward,
  suggested_radius_meters,
  discovery_type,
  sponsor_business_id,
  generation_method,
  generation_notes,
  status,
  reviewed_by,
  reviewed_at,
  published_quest_id
)
values
  (
    'abababab-abab-abab-abab-ababababab01',
    'aaaaaaa0-aaaa-aaaa-aaaa-aaaaaaaaaaa1',
    'Sunrise at the Bean',
    'Catch the early light at Cloud Gate, snap the skyline, and start your route with a landmark check-in.',
    'aaaaaaaa-aaaa-aaaa-aaaa-aaaaaaaaaaa2',
    'rare',
    180,
    120,
    'popular',
    null,
    'rules',
    '{"seed":true,"keywords":["landmark","skyline","photo"]}'::jsonb,
    'approved',
    null,
    timezone('utc', now()),
    null
  ),
  (
    'abababab-abab-abab-abab-ababababab02',
    'aaaaaaa0-aaaa-aaaa-aaaa-aaaaaaaaaaa2',
    'North Star Signature Sip',
    'Claim the sponsor quest, walk into North Star Roasters, and complete a featured drink mission for bonus XP.',
    'aaaaaaaa-aaaa-aaaa-aaaa-aaaaaaaaaaa1',
    'epic',
    240,
    90,
    'featured_route',
    'bbbbbbbb-bbbb-bbbb-bbbb-bbbbbbbbbbb1',
    'rules',
    '{"seed":true,"keywords":["coffee","sponsor","indoor"]}'::jsonb,
    'draft',
    null,
    null,
    null
  ),
  (
    'abababab-abab-abab-abab-ababababab03',
    'aaaaaaa0-aaaa-aaaa-aaaa-aaaaaaaaaaa4',
    'Grant Park Loop',
    'Hit the park loop, check in near Buckingham Fountain, and bank a clean outdoor XP burst.',
    'aaaaaaaa-aaaa-aaaa-aaaa-aaaaaaaaaaa5',
    'common',
    110,
    150,
    'popular',
    null,
    'rules',
    '{"seed":true,"keywords":["park","outdoors","public"]}'::jsonb,
    'rejected',
    null,
    timezone('utc', now()),
    null
  ),
  (
    'abababab-abab-abab-abab-ababababab04',
    'aaaaaaa0-aaaa-aaaa-aaaa-aaaaaaaaaaa5',
    'Marquee After Dark',
    'Check in under the marquee, finish the mission, and log why this stop deserves a return visit.',
    'aaaaaaaa-aaaa-aaaa-aaaa-aaaaaaaaaaa4',
    'legendary',
    320,
    110,
    'featured_route',
    null,
    'rules',
    '{"seed":true,"keywords":["theatre","landmark","night"]}'::jsonb,
    'published',
    null,
    timezone('utc', now()),
    'cccccccc-cccc-cccc-cccc-ccccccccccc9'
  )
on conflict (id) do update
  set place_id = excluded.place_id,
      title = excluded.title,
      description = excluded.description,
      suggested_category_id = excluded.suggested_category_id,
      suggested_rarity = excluded.suggested_rarity,
      suggested_xp_reward = excluded.suggested_xp_reward,
      suggested_radius_meters = excluded.suggested_radius_meters,
      discovery_type = excluded.discovery_type,
      sponsor_business_id = excluded.sponsor_business_id,
      generation_method = excluded.generation_method,
      generation_notes = excluded.generation_notes,
      status = excluded.status,
      reviewed_by = excluded.reviewed_by,
      reviewed_at = excluded.reviewed_at,
      published_quest_id = excluded.published_quest_id,
      updated_at = timezone('utc', now());

insert into public.rewards (id, name, description, reward_type, rule_json, is_active)
values
  (
    'dddddddd-dddd-dddd-dddd-ddddddddddd1',
    'Scout Sticker Pack',
    'A collectible sticker drop redeemable after your first 500 XP.',
    'collectible',
    '{"xpRequired":500}'::jsonb,
    true
  ),
  (
    'dddddddd-dddd-dddd-dddd-ddddddddddd2',
    'Sponsor Drink Upgrade',
    'Redeemable partner perk for a featured sponsor quest completion streak.',
    'perk',
    '{"sponsoredQuestStreak":3}'::jsonb,
    true
  ),
  (
    'dddddddd-dddd-dddd-dddd-ddddddddddd3',
    'Weekend XP Booster',
    'Temporary 1.25x XP multiplier for one exploration session.',
    'experience_boost',
    '{"durationHours":6}'::jsonb,
    true
  )
on conflict (id) do update
  set name = excluded.name,
      description = excluded.description,
      reward_type = excluded.reward_type,
      rule_json = excluded.rule_json,
      is_active = excluded.is_active,
      updated_at = timezone('utc', now());

insert into public.titles (id, name, description, unlock_key, metadata, is_active)
values
  (
    'eeeeeeee-eeee-eeee-eeee-eeeeeeeeeee1',
    'Block Runner',
    'Awarded for knocking out your first handful of local quests.',
    'quests_completed_5',
    '{"frame":"bronze"}'::jsonb,
    true
  ),
  (
    'eeeeeeee-eeee-eeee-eeee-eeeeeeeeeee2',
    'Skyline Scout',
    'A polished city title for explorers who complete landmark missions.',
    'landmark_quests_10',
    '{"frame":"silver"}'::jsonb,
    true
  ),
  (
    'eeeeeeee-eeee-eeee-eeee-eeeeeeeeeee3',
    'Sponsor Circuit',
    'Granted after consistent sponsor-backed quest completions.',
    'sponsored_quests_5',
    '{"frame":"neon"}'::jsonb,
    true
  )
on conflict (id) do update
  set name = excluded.name,
      description = excluded.description,
      unlock_key = excluded.unlock_key,
      metadata = excluded.metadata,
      is_active = excluded.is_active,
      updated_at = timezone('utc', now());

insert into public.badges (id, name, description, icon_key, criteria_key, is_active)
values
  (
    'ffffffff-ffff-ffff-ffff-fffffffffff1',
    'First Check-In',
    'Earned by completing your first successful on-site check-in.',
    'pin-spark',
    'first_checkin',
    true
  ),
  (
    'ffffffff-ffff-ffff-ffff-fffffffffff2',
    'Loop Legend',
    'Earned after finishing three outdoor loops in one week.',
    'trail-ring',
    'outdoors_three_week',
    true
  ),
  (
    'ffffffff-ffff-ffff-ffff-fffffffffff3',
    'Review Ranger',
    'Awarded for leaving thoughtful quest reviews after completion.',
    'review-star',
    'reviews_5',
    true
  )
on conflict (id) do update
  set name = excluded.name,
      description = excluded.description,
      icon_key = excluded.icon_key,
      criteria_key = excluded.criteria_key,
      is_active = excluded.is_active,
      updated_at = timezone('utc', now());

-- Promote a real authenticated user to admin after sign-up:
-- insert into public.admin_users (user_id, role)
-- values ('replace-with-auth-user-uuid', 'owner')
-- on conflict (user_id) do update set role = excluded.role;
